{
    "full_model": {
        "train_losses": [
            0.06808478687788927,
            0.03806547581716266,
            0.03653067354597645,
            0.03498265935650565,
            0.033388338320432774,
            0.031818600882211015,
            0.030458915446324616,
            0.029299459713721377,
            0.02856049932386499,
            0.02816847802475437
        ],
        "val_losses": [
            0.03270671354050095,
            0.03132965933188967,
            0.03093345736570913,
            0.030478550250716937,
            0.030117479200078838,
            0.029217038480243807,
            0.028264754094269085,
            0.027651594824361046,
            0.0272943334921595,
            0.027157924649701723
        ],
        "final_val_loss": 0.027157924649701723,
        "final_val_perp": 1.0275300622759067,
        "config": {
            "d_model": 128,
            "nhead": 4,
            "num_encoder_layers": 2,
            "use_pos_encoding": true,
            "use_multi_head": true,
            "use_residual": true
        }
    },
    "no_pos_encoding": {
        "train_losses": [
            2.0409400100247104,
            2.00236031223441,
            1.9915753202767008,
            1.9824535268259365,
            1.9736148617806346,
            1.9647699497436815,
            1.9563455174723865,
            1.9491926903925025,
            1.9438813360893918,
            1.9410668294387519
        ],
        "val_losses": [
            2.0278953335065952,
            2.015418570274594,
            2.0153632181129235,
            2.0115586601454636,
            2.002254613514604,
            1.9974810222784678,
            1.9935807661763554,
            1.9905690573412798,
            1.9898902870457749,
            1.9885025096350704
        ],
        "final_val_loss": 1.9885025096350704,
        "final_val_perp": 7.304587019352895,
        "config": {
            "d_model": 128,
            "nhead": 4,
            "num_encoder_layers": 2,
            "use_pos_encoding": false,
            "use_multi_head": true,
            "use_residual": true
        }
    },
    "single_head": {
        "train_losses": [
            0.09630130871584569,
            0.06893625682613198,
            0.06559797815156226,
            0.0626945003081665,
            0.059670871702036866,
            0.05673637899333358,
            0.054184847387721065,
            0.05210099313363007,
            0.050655491802474695,
            0.049896487750688286
        ],
        "val_losses": [
            0.033738854180636074,
            0.03275535923546587,
            0.03216916062151906,
            0.031818527301195366,
            0.03132135091006927,
            0.0306558382055112,
            0.030053396728532068,
            0.02991529643621253,
            0.029611891391419475,
            0.029515785911259636
        ],
        "final_val_loss": 0.029515785911259636,
        "final_val_perp": 1.0299556941327515,
        "config": {
            "d_model": 128,
            "nhead": 1,
            "num_encoder_layers": 2,
            "use_pos_encoding": true,
            "use_multi_head": false,
            "use_residual": true
        }
    },
    "no_residual": {
        "train_losses": [
            0.12309226454861483,
            0.052772810495606046,
            0.04925798751994325,
            0.046820811126573554,
            0.04468425369477795,
            0.04269779216218098,
            0.04094021801438465,
            0.03951316257078676,
            0.03853086033076888,
            0.03798577849809256
        ],
        "val_losses": [
            0.03489982231959016,
            0.033584254033777905,
            0.03301832715006567,
            0.032564616427039624,
            0.032132971895880054,
            0.03155363965030203,
            0.03146588097958044,
            0.031248521642095742,
            0.031294762044502746,
            0.031214931022761197
        ],
        "final_val_loss": 0.031214931022761197,
        "final_val_perp": 1.0317072259474576,
        "config": {
            "d_model": 128,
            "nhead": 4,
            "num_encoder_layers": 2,
            "use_pos_encoding": true,
            "use_multi_head": true,
            "use_residual": false
        }
    }
}